﻿<?xml version="1.0" encoding="utf-8" ?>
<language>
  <Assembler>
    <avg>209</avg>
    <median>203</median>
    <low>91</low>
    <high>320</high>
  </Assembler>
  <Ada>
    <avg>154</avg>
    <median>154</median>
    <low>104</low>
    <high>205</high>
  </Ada>
  <C>
    <avg>148</avg>
    <median>107</median>
    <low>22</low>
    <high>704</high>
  </C>
  <CPP>
    <avg>59</avg>
    <median>53</median>
    <low>20</low>
    <high>178</high>
  </CPP>
  <CSharp>
    <avg>58</avg>
    <median>59</median>
    <low>51</low>
    <high>66</high>
  </CSharp>
  <COBOL>
    <avg>80</avg>
    <median>78</median>
    <low>8</low>
    <high>400</high>
  </COBOL>
  <Fortran>
    <avg>90</avg>
    <median>118</median>
    <low>35</low>
    <high>-</high>
  </Fortran>
  <HTML>
    <avg>43</avg>
    <median>42</median>
    <low>35</low>
    <high>53</high>
  </HTML>
  <Java>
    <avg>55</avg>
    <median>53</median>
    <low>9</low>
    <high>214</high>
  </Java>
  <JavaScript>
    <avg>54</avg>
    <median>55</median>
    <low>45</low>
    <high>63</high>
  </JavaScript>
  <VBScript>
    <avg>38</avg>
    <median>37</median>
    <low>29</low>
    <high>50</high>
  </VBScript>
  <VisualBasic>
    <avg>50</avg>
    <median>52</median>
    <low>14</low>
    <high>276</high>
  </VisualBasic>
</language>
